-- MySQL dump 10.13  Distrib 5.7.26, for Linux (x86_64)
--
-- Host: localhost    Database: lifehack
-- ------------------------------------------------------
-- Server version	5.7.26-0ubuntu0.18.04.1

/*!40101 SET @OLD_CHARACTER_SET_CLIENT=@@CHARACTER_SET_CLIENT */;
/*!40101 SET @OLD_CHARACTER_SET_RESULTS=@@CHARACTER_SET_RESULTS */;
/*!40101 SET @OLD_COLLATION_CONNECTION=@@COLLATION_CONNECTION */;
/*!40101 SET NAMES utf8 */;
/*!40103 SET @OLD_TIME_ZONE=@@TIME_ZONE */;
/*!40103 SET TIME_ZONE='+00:00' */;
/*!40014 SET @OLD_UNIQUE_CHECKS=@@UNIQUE_CHECKS, UNIQUE_CHECKS=0 */;
/*!40014 SET @OLD_FOREIGN_KEY_CHECKS=@@FOREIGN_KEY_CHECKS, FOREIGN_KEY_CHECKS=0 */;
/*!40101 SET @OLD_SQL_MODE=@@SQL_MODE, SQL_MODE='NO_AUTO_VALUE_ON_ZERO' */;
/*!40111 SET @OLD_SQL_NOTES=@@SQL_NOTES, SQL_NOTES=0 */;

--
-- Table structure for table `categories`
--

DROP TABLE IF EXISTS `categories`;
/*!40101 SET @saved_cs_client     = @@character_set_client */;
/*!40101 SET character_set_client = utf8 */;
CREATE TABLE `categories` (
  `id` bigint(20) unsigned NOT NULL AUTO_INCREMENT,
  `category_name` varchar(50) NOT NULL,
  `category_description` varchar(255) NOT NULL,
  PRIMARY KEY (`id`),
  UNIQUE KEY `Id` (`id`)
) ENGINE=InnoDB AUTO_INCREMENT=5 DEFAULT CHARSET=utf8;
/*!40101 SET character_set_client = @saved_cs_client */;

--
-- Dumping data for table `categories`
--

LOCK TABLES `categories` WRITE;
/*!40000 ALTER TABLE `categories` DISABLE KEYS */;
INSERT INTO `categories` VALUES (3,'home','tricks for home'),(4,'office','tricks');
/*!40000 ALTER TABLE `categories` ENABLE KEYS */;
UNLOCK TABLES;

--
-- Table structure for table `comments`
--

DROP TABLE IF EXISTS `comments`;
/*!40101 SET @saved_cs_client     = @@character_set_client */;
/*!40101 SET character_set_client = utf8 */;
CREATE TABLE `comments` (
  `id` bigint(20) unsigned NOT NULL AUTO_INCREMENT,
  `content` text NOT NULL,
  `date_created` timestamp NOT NULL DEFAULT CURRENT_TIMESTAMP ON UPDATE CURRENT_TIMESTAMP,
  `topic_id` bigint(20) unsigned NOT NULL,
  `user_id` bigint(20) unsigned NOT NULL,
  PRIMARY KEY (`id`),
  UNIQUE KEY `id` (`id`),
  KEY `topic_id` (`topic_id`),
  KEY `user_id` (`user_id`),
  CONSTRAINT `comments_ibfk_1` FOREIGN KEY (`topic_id`) REFERENCES `topics` (`id`),
  CONSTRAINT `comments_ibfk_2` FOREIGN KEY (`user_id`) REFERENCES `users` (`id`)
) ENGINE=InnoDB AUTO_INCREMENT=10 DEFAULT CHARSET=utf8;
/*!40101 SET character_set_client = @saved_cs_client */;

--
-- Dumping data for table `comments`
--

LOCK TABLES `comments` WRITE;
/*!40000 ALTER TABLE `comments` DISABLE KEYS */;
INSERT INTO `comments` VALUES (1,'I will show how to hack nasa with HTML','2019-05-09 18:20:22',1,7),(2,'Here is another comment lol','2019-05-09 18:20:25',1,7),(3,'Here is another comment lol','2019-05-10 11:57:02',25,7),(4,'Here is another comment lol','2019-05-09 18:20:25',34,7),(5,'Here is another comment lol','2019-05-09 18:20:25',34,7),(6,'Here is another comment lol','2019-05-09 18:20:25',34,7),(7,'Here is another comment lol','2019-05-09 18:20:25',34,7),(8,'Here is another comment lol','2019-05-09 18:20:25',34,7),(9,'Here is another comment lol','2019-05-09 18:20:25',34,7);
/*!40000 ALTER TABLE `comments` ENABLE KEYS */;
UNLOCK TABLES;

--
-- Table structure for table `topics`
--

DROP TABLE IF EXISTS `topics`;
/*!40101 SET @saved_cs_client     = @@character_set_client */;
/*!40101 SET character_set_client = utf8 */;
CREATE TABLE `topics` (
  `id` bigint(20) unsigned NOT NULL AUTO_INCREMENT,
  `topic_name` varchar(255) NOT NULL,
  `date_created` timestamp NOT NULL DEFAULT CURRENT_TIMESTAMP ON UPDATE CURRENT_TIMESTAMP,
  `category_id` bigint(20) unsigned NOT NULL,
  `user_id` bigint(20) unsigned NOT NULL,
  `content` text NOT NULL,
  PRIMARY KEY (`id`),
  UNIQUE KEY `id` (`id`),
  KEY `category_id` (`category_id`),
  KEY `user_id` (`user_id`),
  CONSTRAINT `topics_ibfk_1` FOREIGN KEY (`user_id`) REFERENCES `users` (`id`),
  CONSTRAINT `topics_ibfk_2` FOREIGN KEY (`category_id`) REFERENCES `categories` (`id`)
) ENGINE=InnoDB AUTO_INCREMENT=62 DEFAULT CHARSET=utf8;
/*!40101 SET character_set_client = @saved_cs_client */;

--
-- Dumping data for table `topics`
--

LOCK TABLES `topics` WRITE;
/*!40000 ALTER TABLE `topics` DISABLE KEYS */;
INSERT INTO `topics` VALUES (1,'HACK NASA WITH HTML','2019-05-09 18:19:35',4,7,'Lorem ipsum dolor sit amet, consectetur adipiscing elit, sed do eiusmod tempor incididunt ut labore et dolore magna aliqua. Ut enim ad minim veniam, quis nostrud exercitation ullamco laboris nisi ut aliquip\r\n'),(8,'Don\'t Hack NASA','2019-05-09 18:19:35',3,7,'Lorem ipsum dolor sit amet, consectetur adipiscing elit, sed do eiusmod tempor incididunt ut labore et dolore magna aliqua. Ut enim ad minim veniam, quis nostrud exercitation ullamco laboris nisi ut aliquip\r\n'),(9,'V2 HACK NASA WITH HTML','2019-05-09 18:19:35',4,7,'Lorem ipsum dolor sit amet, consectetur adipiscing elit, sed do eiusmod tempor incididunt ut labore et dolore magna aliqua. Ut enim ad minim veniam, quis nostrud exercitation ullamco laboris nisi ut aliquip\r\n'),(25,'Test Topic','2019-05-10 09:49:53',3,7,'Test Topic Test Topic Test Topic Test Topic Test Topic'),(34,'ha ha ha ha','2019-05-10 10:38:54',3,7,'ha he hu ha'),(51,'testing markdown','2019-05-21 11:56:00',3,7,'This text will appear in the editor'),(52,'eeerqqdqw','2019-05-21 12:07:58',3,7,'dasdasdas das das das da sda s'),(53,'test topic','2019-05-21 12:28:32',3,7,'This text will appear in the editor'),(54,'Test Test Test','2019-05-21 12:32:52',3,7,'# Title\n\n**This text will appear in the editor**\n'),(55,'testing markdown','2019-05-21 12:35:04',3,7,'# This text will appear in the editor\n\n**should be bold**\n*should be italic*\n* heheh\n* dasda\n1.  one\n2.  two\n3.  three'),(56,'testing','2019-05-21 12:46:31',4,7,'Heeeey ! What\'s going on?'),(57,'Xiaomi Mi Pad 4 Fastboot instructions (edit)','2019-05-26 09:08:34',3,32,'# This is a new content :D');
/*!40000 ALTER TABLE `topics` ENABLE KEYS */;
UNLOCK TABLES;

--
-- Table structure for table `user_roles`
--

DROP TABLE IF EXISTS `user_roles`;
/*!40101 SET @saved_cs_client     = @@character_set_client */;
/*!40101 SET character_set_client = utf8 */;
CREATE TABLE `user_roles` (
  `id` bigint(20) unsigned NOT NULL AUTO_INCREMENT,
  `user_role` text,
  PRIMARY KEY (`id`),
  UNIQUE KEY `id` (`id`)
) ENGINE=InnoDB AUTO_INCREMENT=7 DEFAULT CHARSET=utf8;
/*!40101 SET character_set_client = @saved_cs_client */;

--
-- Dumping data for table `user_roles`
--

LOCK TABLES `user_roles` WRITE;
/*!40000 ALTER TABLE `user_roles` DISABLE KEYS */;
INSERT INTO `user_roles` VALUES (4,'user'),(5,'moderator'),(6,'admin');
/*!40000 ALTER TABLE `user_roles` ENABLE KEYS */;
UNLOCK TABLES;

--
-- Table structure for table `users`
--

DROP TABLE IF EXISTS `users`;
/*!40101 SET @saved_cs_client     = @@character_set_client */;
/*!40101 SET character_set_client = utf8 */;
CREATE TABLE `users` (
  `id` bigint(20) unsigned NOT NULL AUTO_INCREMENT,
  `username` varchar(20) NOT NULL,
  `password_hashed` varchar(255) NOT NULL,
  `email` varchar(64) NOT NULL,
  `date_createad` timestamp NOT NULL DEFAULT CURRENT_TIMESTAMP ON UPDATE CURRENT_TIMESTAMP,
  `user_role_id` bigint(10) unsigned NOT NULL,
  `active` tinyint(1) NOT NULL,
  PRIMARY KEY (`id`),
  UNIQUE KEY `ID` (`id`),
  KEY `user_role_id` (`user_role_id`),
  CONSTRAINT `users_ibfk_3` FOREIGN KEY (`user_role_id`) REFERENCES `user_roles` (`id`)
) ENGINE=InnoDB AUTO_INCREMENT=33 DEFAULT CHARSET=utf8;
/*!40101 SET character_set_client = @saved_cs_client */;

--
-- Dumping data for table `users`
--

LOCK TABLES `users` WRITE;
/*!40000 ALTER TABLE `users` DISABLE KEYS */;
INSERT INTO `users` VALUES (7,'peter','$2y$10$3W69JMBZXmjOiub6ol4m/.0uCDMbuUgu8gXJqpzeUwbBrXjJwLHQe','AKER@a.com','2019-05-07 10:33:43',4,0),(32,'michal','$2y$10$Dj2Oae9HsvqIOZs7c1ZQcOQzliOmyifvqyoqjBSTkAFOwvWtz1Ely','mipa@mipa.pl','2019-05-24 19:41:33',4,0);
/*!40000 ALTER TABLE `users` ENABLE KEYS */;
UNLOCK TABLES;
/*!40103 SET TIME_ZONE=@OLD_TIME_ZONE */;

/*!40101 SET SQL_MODE=@OLD_SQL_MODE */;
/*!40014 SET FOREIGN_KEY_CHECKS=@OLD_FOREIGN_KEY_CHECKS */;
/*!40014 SET UNIQUE_CHECKS=@OLD_UNIQUE_CHECKS */;
/*!40101 SET CHARACTER_SET_CLIENT=@OLD_CHARACTER_SET_CLIENT */;
/*!40101 SET CHARACTER_SET_RESULTS=@OLD_CHARACTER_SET_RESULTS */;
/*!40101 SET COLLATION_CONNECTION=@OLD_COLLATION_CONNECTION */;
/*!40111 SET SQL_NOTES=@OLD_SQL_NOTES */;

-- Dump completed on 2019-05-26 13:27:28
